{
  "images" : [
    {
      "extent" : "full-screen",
      "idiom" : "iphone",
      "subtype" : "736h",
      "filename" : "iPhone6p@2x.png.base.universal.regular.off.horizontal.normal.active.onepartfixedsize.onepart.41494.000.00.@2x.png",
      "minimum-system-version" : "8.0",
      "orientation" : "portrait",
      "scale" : "3x"
    },
    {
      "extent" : "full-screen",
      "idiom" : "iphone",
      "subtype" : "667h",
      "filename" : "iPhone6@2x.png.base.universal.regular.off.horizontal.normal.active.onepartfixedsize.onepart.47540.000.00.@2x.png",
      "minimum-system-version" : "8.0",
      "orientation" : "portrait",
      "scale" : "2x"
    },
    {
      "orientation" : "portrait",
      "idiom" : "iphone",
      "filename" : "iPhone4s@2x.png.base.universal.regular.off.horizontal.normal.active.onepartfixedsize.onepart.5687.000.00.@2x.png",
      "extent" : "full-screen",
      "minimum-system-version" : "7.0",
      "scale" : "2x"
    },
    {
      "extent" : "full-screen",
      "idiom" : "iphone",
      "subtype" : "retina4",
      "filename" : "iPhone5@2x.png.base.universal.regular.off.horizontal.normal.active.onepartfixedsize.onepart.11603.000.00.@2x.png",
      "minimum-system-version" : "7.0",
      "orientation" : "portrait",
      "scale" : "2x"
    }
  ],
  "info" : {
    "version" : 1,
    "author" : "xcode"
  }
}